{"cameraMode":{"drawMode":0,"name":"Shaded","section":"Shading Mode"},"sceneLighting":true,"audioPlay":false,"sceneViewState":{"m_AlwaysRefresh":false,"showFog":true,"showSkybox":true,"showFlares":true,"showImageEffects":true,"showParticleSystems":true,"showVisualEffectGraphs":true,"m_FxEnabled":true},"in2DMode":false,"pivot":{"x":0.31548023223876955,"y":0.30000001192092898,"z":-0.41402697563171389},"rotation":{"x":0.10626795142889023,"y":-0.8849520683288574,"z":0.2481510490179062,"w":0.3797246217727661},"size":2.352771759033203,"orthographic":false}